{
    "timestamp": {
        "min": [
            0.0
        ],
        "max": [
            19.133333333333333
        ],
        "mean": [
            6.605121151919582
        ],
        "std": [
            3.9269355733875306
        ],
        "count": [
            19631
        ]
    },
    "episode_index": {
        "min": [
            0
        ],
        "max": [
            49
        ],
        "mean": [
            24.62920890428404
        ],
        "std": [
            14.52263170448732
        ],
        "count": [
            19631
        ]
    },
    "observation.images.wrist": {
        "min": [
            [
                [
                    0.0
                ]
            ],
            [
                [
                    0.0
                ]
            ],
            [
                [
                    0.0
                ]
            ]
        ],
        "max": [
            [
                [
                    1.0
                ]
            ],
            [
                [
                    1.0
                ]
            ],
            [
                [
                    1.0
                ]
            ]
        ],
        "mean": [
            [
                [
                    0.5715253298088179
                ]
            ],
            [
                [
                    0.5292877316198447
                ]
            ],
            [
                [
                    0.5286737121568759
                ]
            ]
        ],
        "std": [
            [
                [
                    0.2641149176189463
                ]
            ],
            [
                [
                    0.2603990197782375
                ]
            ],
            [
                [
                    0.2526018411820677
                ]
            ]
        ],
        "count": [
            5019
        ]
    },
    "index": {
        "min": [
            0
        ],
        "max": [
            19630
        ],
        "mean": [
            9815.0
        ],
        "std": [
            5666.981559878239
        ],
        "count": [
            19631
        ]
    },
    "action": {
        "min": [
            -37.177734375,
            48.8671875,
            40.95703125,
            9.66796875,
            56.25,
            0.0
        ],
        "max": [
            72.7734375,
            179.47265625,
            164.619140625,
            96.591796875,
            123.57421875,
            34.93077850341797
        ],
        "mean": [
            14.51138199242248,
            146.44867040791456,
            143.31572512823445,
            62.960795289578314,
            85.83100241306973,
            7.78159506371598
        ],
        "std": [
            27.986931986803878,
            34.98953716221701,
            21.464259953983102,
            16.91135692864403,
            12.478363667021137,
            9.54603304230804
        ],
        "count": [
            19631
        ]
    },
    "frame_index": {
        "min": [
            0
        ],
        "max": [
            574
        ],
        "mean": [
            198.15363455758748
        ],
        "std": [
            117.80806720162592
        ],
        "count": [
            19631
        ]
    },
    "task_index": {
        "min": [
            0
        ],
        "max": [
            0
        ],
        "mean": [
            0.0
        ],
        "std": [
            0.0
        ],
        "count": [
            19631
        ]
    },
    "observation.state": {
        "min": [
            -37.177734375,
            48.076171875,
            43.505859375,
            9.931640625,
            56.689453125,
            -0.20718231797218323
        ],
        "max": [
            72.421875,
            179.82421875,
            165.05859375,
            95.712890625,
            123.134765625,
            34.66850662231445
        ],
        "mean": [
            14.471714688819386,
            145.76945183682895,
            144.38573512629736,
            63.2261727491294,
            85.84174477934418,
            9.354485655795246
        ],
        "std": [
            27.932579640077957,
            35.36501192920801,
            20.95311736612839,
            16.808338257138544,
            12.418562954306882,
            9.769188412209669
        ],
        "count": [
            19631
        ]
    },
    "observation.images.top": {
        "min": [
            [
                [
                    0.0
                ]
            ],
            [
                [
                    0.0196078431372549
                ]
            ],
            [
                [
                    0.0
                ]
            ]
        ],
        "max": [
            [
                [
                    1.0
                ]
            ],
            [
                [
                    1.0
                ]
            ],
            [
                [
                    1.0
                ]
            ]
        ],
        "mean": [
            [
                [
                    0.4790243156886186
                ]
            ],
            [
                [
                    0.4902900992161158
                ]
            ],
            [
                [
                    0.5013001322914101
                ]
            ]
        ],
        "std": [
            [
                [
                    0.24174318161723388
                ]
            ],
            [
                [
                    0.22135021369835353
                ]
            ],
            [
                [
                    0.19391528585212184
                ]
            ]
        ],
        "count": [
            5019
        ]
    }
}